stab.glu,ratio,glyhb,age,bp.1d,class
0.145400593,0.303370806,0.131049882,0.136986301,0.263157895,0
0.136498516,0.117977528,0.158600133,0.205479452,0.5,0
0.130563798,0.185393277,0.160833953,0.150684932,0.842105263,0
0.100890208,0.168539333,0.15562173,0.561643836,0.552631579,0
0.083086053,0.275280917,0.148175721,0.232876712,0.236842105,0
0.145400593,0.123595514,0.283693191,0.698630137,0.526315789,0
0.09495549,0.02247191,0.111690223,0.301369863,0.842105263,0
0.115727003,0.348314612,0.180193577,0.246575342,0.618421053,0
0.15727003,0.19101125,0.180938195,0.315068493,0.605263158,0
0.097922849,0.067415736,0.141474294,0.04109589,0.486842105,0
0.059347181,0.179775278,0.090096797,0.452054795,0.407894737,0
0.083086053,0.213483166,0.244229325,0.726027397,0.157894737,0
0.548961424,0.146067417,0.820550953,0.410958904,0.552631579,1
0.112759644,0.146067417,0.189873407,0.054794521,0.355263158,0
0.026706231,0.073033708,0.255398356,0.452054795,0.552631579,0
0.192878338,0.095505625,0.354430365,0.780821918,0.394736842,1
0.163204748,0.297752833,0.186150384,0.575342466,0.394736842,0
0.139465875,0.089887639,0.162323155,0.630136986,0.210526316,0
0.118694362,0.123595514,0.17423677,0.260273973,0.407894737,0
0.442136499,0.235955056,0.483246445,0.616438356,0.486842105,1
0.172106825,0.140449445,0.180938195,0.301369863,0.210526316,0
0.228486647,0.140449445,0.177959792,0.657534247,0.315789474,0
0.086053412,0.134831472,0.121370053,0,0.289473684,0
0.106824926,0.067415736,0.125093075,0.301369863,0.421052632,0
0.109792285,0.213483166,0.128816062,0.397260274,0.75,0
0.065281899,0.106741583,0.096798205,0.205479452,0.447368421,0
0.382789318,0.337078667,0.361131791,0.616438356,0.236842105,1
0.133531157,0.258426972,0.165301559,0.191780822,0.263157895,0
0.100890208,0.078651695,0.141474294,0.643835616,0.210526316,0
0.103857567,0.039325847,0.206999245,0.356164384,0.552631579,0
0.068249258,0.06179775,0.136262106,0.01369863,0.394736842,0
0.231454006,0.297752833,0.163067739,0.219178082,0.552631579,0
0.127596439,0.202247194,0.214445254,0.424657534,0.539473684,0
0.216617211,0.280898889,0.489203252,0.657534247,0.921052632,1
0.091988131,0.157303389,0.20923303,0.438356164,0.947368421,0
0.213649852,0.174157306,0.149664923,0.726027397,0.315789474,0
0.172106825,0.162921361,0.139985093,0.630136986,0.552631579,0
0.121661721,0.275280917,0.101265811,0.246575342,0.631578947,0
0.958456973,0.089887639,0.158600133,0.671232877,0.447368421,0
0.287833828,0.325842722,0.414743091,0.602739726,0.815789474,1
0.37388724,0.353932611,0.259865962,0.643835616,0.394736842,0
0.169139466,0,0.212211469,0.01369863,0.5,0
0.154302671,0.078651695,0.111690223,0.780821918,0.065789474,0
0.091988131,0.264044945,0.153387909,0.095890411,0.552631579,0
0.12462908,0.207865167,0.116157829,0.178082192,0.315789474,0
0.091988131,0.117977528,0.154877147,0,0.131578947,0
0.127596439,0.303370806,0.198064034,0.164383562,0.157894737,0
0.06231454,0.117977528,0.125837658,0.164383562,0.289473684,0
0.525222552,0.230337083,0.58004467,0.383561644,0.657894737,1
0.056379822,0.207865167,0.278481002,0.630136986,0.223684211,0
0.112759644,0.264044945,0.12732686,0.054794521,0.671052632,0
0.130563798,0.095505625,0.130305264,0.561643836,0.394736842,0
0.163204748,0.185393277,0.118391649,0.287671233,0.447368421,0
0.169139466,0.112359556,0.128071479,0.287671233,0.447368421,0
0.145400593,0.157303389,0.149664923,0.219178082,0.184210526,0
0.100890208,0.134831472,0.012658215,0.150684932,1,0
0.097922849,0.039325847,0.026061049,0.178082192,0.263157895,0
0.109792285,0.084269667,0.128071479,0.328767123,0.355263158,0
0.097922849,0.089887639,0.150409506,0.520547945,0.434210526,0
0.035608309,0.101123597,0.617274751,0.095890411,0.526315789,1
0.317507418,0.320224723,0.240506303,0.260273973,0.157894737,0
0.15727003,0.089887639,0.181682779,0.452054795,0.578947368,0
0.065281899,0.185393277,0.08190617,0.04109589,0,0
0.09495549,0.179775278,0.069992538,0.356164384,0.355263158,0
0.130563798,0.224719111,0.215934455,0.753424658,0.315789474,0
0.097922849,0.224719111,0.167535344,0.315068493,0.684210526,0
0.685459941,0.157303389,0.550260561,0.890410959,0.526315789,1
0.109792285,0.40449439,0.171258366,0.534246575,0.447368421,0
0.103857567,0.073033708,0.119880851,0.452054795,0.815789474,0
0.12462908,0.112359556,0.214445254,0.561643836,0.210526316,0
0.127596439,0.241573055,0.173492187,0.246575342,0.605263158,0
