stab.glu,glyhb,age,frame,waist,class
0.145400593,0.131049882,0.136986301,2,0.666666667,0
0.136498516,0.158600133,0.205479452,2,0.333333333,0
0.130563798,0.160833953,0.150684932,1,0.666666667,0
0.100890208,0.15562173,0.561643836,1,0.433333333,0
0.083086053,0.148175721,0.232876712,1,0.333333333,0
0.145400593,0.283693191,0.698630137,2,0.533333333,0
0.09495549,0.111690223,0.301369863,0,0.066666667,0
0.115727003,0.180193577,0.246575342,2,0.566666667,0
0.15727003,0.180938195,0.315068493,1,0.366666667,0
0.097922849,0.141474294,0.04109589,2,0.3,0
0.059347181,0.090096797,0.452054795,1,0.466666667,0
0.083086053,0.244229325,0.726027397,2,0.466666667,0
0.548961424,0.820550953,0.410958904,2,0.566666667,1
0.112759644,0.189873407,0.054794521,2,0.6,0
0.026706231,0.255398356,0.452054795,0,0.166666667,0
0.192878338,0.354430365,0.780821918,2,0.3,1
0.163204748,0.186150384,0.575342466,0,0.466666667,0
0.139465875,0.162323155,0.630136986,1,0.366666667,0
0.118694362,0.17423677,0.260273973,2,0.266666667,0
0.442136499,0.483246445,0.616438356,1,0.233333333,1
0.172106825,0.180938195,0.301369863,0,0.1,0
0.228486647,0.177959792,0.657534247,2,0.333333333,0
0.086053412,0.121370053,0,0,0.2,0
0.106824926,0.125093075,0.301369863,0,0.166666667,0
0.109792285,0.128816062,0.397260274,0,0.2,0
0.065281899,0.096798205,0.205479452,1,0.166666667,0
0.382789318,0.361131791,0.616438356,2,0.6,1
0.133531157,0.165301559,0.191780822,1,0.233333333,0
0.100890208,0.141474294,0.643835616,0,0.166666667,0
0.103857567,0.206999245,0.356164384,0,0.233333333,0
0.068249258,0.136262106,0.01369863,0,0.1,0
0.231454006,0.163067739,0.219178082,1,0.433333333,0
0.127596439,0.214445254,0.424657534,2,0.466666667,0
0.216617211,0.489203252,0.657534247,2,0.333333333,1
0.091988131,0.20923303,0.438356164,0,0.4,0
0.213649852,0.149664923,0.726027397,2,0.633333333,0
0.172106825,0.139985093,0.630136986,2,0.466666667,0
0.121661721,0.101265811,0.246575342,1,0.333333333,0
0.958456973,0.158600133,0.671232877,0,0.366666667,0
0.287833828,0.414743091,0.602739726,1,0.6,1
0.37388724,0.259865962,0.643835616,2,0.633333333,0
0.169139466,0.212211469,0.01369863,1,0.366666667,0
0.154302671,0.111690223,0.780821918,2,0.466666667,0
0.091988131,0.153387909,0.095890411,2,0.733333333,0
0.12462908,0.116157829,0.178082192,1,0.633333333,0
0.091988131,0.154877147,0,1,0.233333333,0
0.127596439,0.198064034,0.164383562,2,0.466666667,0
0.06231454,0.125837658,0.164383562,1,0.5,0
0.525222552,0.58004467,0.383561644,1,0.533333333,1
0.056379822,0.278481002,0.630136986,2,0.533333333,0
0.112759644,0.12732686,0.054794521,2,0.8,0
0.130563798,0.130305264,0.561643836,1,0.333333333,0
0.163204748,0.118391649,0.287671233,1,0.4,0
0.169139466,0.128071479,0.287671233,0,0.333333333,0
0.145400593,0.149664923,0.219178082,0,0.2,0
0.100890208,0.012658215,0.150684932,1,0.233333333,0
0.097922849,0.026061049,0.178082192,0,0.233333333,0
0.109792285,0.128071479,0.328767123,1,0.6,0
0.097922849,0.150409506,0.520547945,0,0.166666667,0
0.035608309,0.617274751,0.095890411,0,0.233333333,1
0.317507418,0.240506303,0.260273973,1,0.266666667,0
0.15727003,0.181682779,0.452054795,1,0.533333333,0
0.065281899,0.08190617,0.04109589,0,0.3,0
0.09495549,0.069992538,0.356164384,2,0.433333333,0
0.130563798,0.215934455,0.753424658,2,0.433333333,0
0.097922849,0.167535344,0.315068493,2,0.7,0
0.685459941,0.550260561,0.890410959,0,0.5,1
0.109792285,0.171258366,0.534246575,2,0.4,0
0.103857567,0.119880851,0.452054795,1,0.133333333,0
0.12462908,0.214445254,0.561643836,1,0.2,0
0.127596439,0.173492187,0.246575342,1,0.533333333,0
